what is it with white women in nursing,38,0.0,0,thetalkingjed
"If you want to feel better about needing things, about not wanting to need things, and about realizing that your needs matter, give this a read. You absolutely won‚Äôt regret it https://t.co/dp2wSJv5rP",199,0.02512562814070352,9,wildenian_thot
if we see the other side of this I'm getting into makeup,56,0.017857142857142856,1,thetalkingjed
There aren‚Äôt enough girlbosses these days... how are we as Americans maximizing our slaying ability?,100,0.02,4,wildenian_thot
Game of thrones is the poor man's king of the hill,50,0.02,1,isnascarasport
This thread watered all my fields and filled the void in my cold dead heart https://t.co/UFZI6usWUA,99,0.08080808080808081,5,wildenian_thot
"I would NEVER, EVER, give my child a J name.  I won‚Äôt release that sort of evil into the world",94,0.1276595744680851,3,wildenian_thot
Absolutely obsessed with the implications of Craisins,53,0.03773584905660377,0,wildenian_thot
Feeling pretty boy life in eu right now,39,0.02564102564102564,0,isnascarasport
rebranding as someone who is sorry to hear that,47,0.0,0,thetalkingjed
"how long would I have to lay in bed for nature to have its way with my body, reverting me back into the unencumbered, life-giving soil I was so obviously meant to be?",166,0.012048192771084338,4,thetalkingjed
how can comp sci students have tech problems? like bro just look at someone else's notes,88,0.0,2,thetalkingjed
so excited Arya Stark announced her presidential campaign last night,68,0.029411764705882353,0,thetalkingjed
protect furries,15,0.0,0,thetalkingjed
"thinking about that first night when I closed my eyes and k k slider spoke directly into my soul, I haven't had a dream match that caliber of spirit energy ever since",166,0.012048192771084338,2,thetalkingjed
To the man wearing a leather jacket and camo hat in my Italian class: I have feelings for you,93,0.03225806451612903,1,wildenian_thot
Wigwam Weekend Tonight as 7 on https://t.co/McqivsIG9z or 91.1 fm https://t.co/IdM7kR0Gdq,89,0.11235955056179775,11,isnascarasport
I wanna be the bachelor I can make a huge deal about being a virgin and how I‚Äôve never dated a woman,100,0.03,0,wildenian_thot
round the city round the c*ck,29,0.0,1,wildenian_thot
I was rooting for you... we were ALL rooting for you https://t.co/n3WVBRGokB,76,0.13157894736842105,8,wildenian_thot
Everytime I do something that costs $5 I compare it's worth to 20 mcnuggets,75,0.04,2,isnascarasport
I'm a homeowner with no debt at 21.  What are y'all doing? #AnimalCrossing #ACNH https://t.co/v60wRMfNZD,104,0.125,11,wildenian_thot
Wigwam Weekend Tonight At 7 https://t.co/30fitvRTbQ or 91.1 FM https://t.co/wtGUcOpbIZ,86,0.16279069767441862,11,isnascarasport
#flatgeorge http://t.co/HExyxRWqg2,34,0.11764705882352941,6,isnascarasport
Magnets how do they work?,25,0.04,1,isnascarasport
Happiest students in America because our evil overlords will imprison us in the fun-mobile if we frown https://t.co/AgZwSV0WHJ,126,0.07142857142857142,6,wildenian_thot
kinda mad how there are only four spatial dimensions,52,0.0,0,thetalkingjed
Lil ceasers &gt;&gt;&gt;&gt;&gt;&gt; Papa John's any day,56,0.05357142857142857,13,isnascarasport
Thrasher x Auburn Athletics?,28,0.10714285714285714,1,isnascarasport
Major üîë Alert: the only way to surprise your girl for Valentine‚Äôs Day is to NOT do anything for Valentine‚Äôs Day  xoxo Gossip Girl,129,0.08527131782945736,1,wildenian_thot
"amy duncan should have been arrested multiple times, also ivy should've been the star of the show",97,0.0,2,thetalkingjed
Mukbang,7,0.14285714285714285,0,wildenian_thot
Quarantine date night with my Capricorn https://t.co/Sh4BTeF0I6,63,0.1111111111111111,5,wildenian_thot
What if Jonny knocksville became the president,46,0.043478260869565216,0,isnascarasport
Preacher: you‚Äôre breathing now so god can love you   Me: *dies to flex on god*,78,0.02564102564102564,4,wildenian_thot
When Disney bought fox I had no idea that was because they were putting Stewie Griffin in avengers,98,0.05102040816326531,0,isnascarasport
Wine And Facemask night,23,0.13043478260869565,0,wildenian_thot
hope you're doing well bruh,27,0.0,1,thetalkingjed
Might have had to give my Spotify information to a sketchy bot to get this but here is a festival based off my last 6 months of listening https://t.co/Bud7q9mGbP,161,0.031055900621118012,5,isnascarasport
Hey anyone wanna let me borrow 2k on the switch. I wanna try out story mode,75,0.02666666666666667,1,isnascarasport
"""wow the Mandela effect is crazy"" - me forgetting simple details about my friends",81,0.012345679012345678,3,thetalkingjed
"Thinking about when I got drunk and did this a year ago... a serve, an absolute serve https://t.co/H8RfOpXUI2",109,0.07339449541284404,9,wildenian_thot
I looked on Yelp and it said that olive garden was the top rated restaurant here. The Midwest is on something else,114,0.03508771929824561,1,isnascarasport
I do believe that I‚Äôve ghosted or been ghosted by every single gay man in Alabama,81,0.037037037037037035,0,wildenian_thot
that's just the wave,20,0.0,1,thetalkingjed
The real meaning of Christmas is watching uncut gems,52,0.038461538461538464,0,isnascarasport
"been listening to a youtube video of mac crooning this song (unreleased) for the longest, now here it is... a whole real released finished track at the end of his album. blessed https://t.co/PMc50aCBJh",201,0.024875621890547265,12,thetalkingjed
shoutout to women,17,0.0,0,thetalkingjed
Apparently the first song I listened to this year was the cheers theme song https://t.co/PVja2Ep7ce,99,0.050505050505050504,5,isnascarasport
"Yes, I recruited every single recruitable character in fe:th golden deer route I just couldn‚Äôt stand having my friends fighting :((",131,0.022900763358778626,5,wildenian_thot
Due to personal reasons I will be being sad,43,0.046511627906976744,0,wildenian_thot
"goodbye #BlackHistoryMonth hello black history rest of existence - you thought it was over?? HAH every moment of every day of LIFE is now black, I've claimed it. yes you are welcome, no I'm not sorry",199,0.06030150753768844,9,thetalkingjed
These are not optimal Tetris conditions,39,0.05128205128205128,0,isnascarasport
there's something surreally capitalist about receiving a push notification about a new sonic-themed nike release and then seeing said shoes in the movie hours later,164,0.0,2,thetalkingjed
Can someone dm me some applesauce https://t.co/S9urpR8VOb,57,0.08771929824561403,5,isnascarasport
the yellow wallpaper but with vantablack,40,0.0,0,wildenian_thot
"Bro how do you drink wine, I just choked",40,0.05,1,wildenian_thot
https://t.co/8Nh4tY9fgJ,23,0.13043478260869565,5,isnascarasport
My little brother just ok boomered me and I need help hiding a really tiny body,79,0.02531645569620253,0,wildenian_thot
"We need to raise up generations of Good People motivated to create Good Things cause idk about you guys but I'm tired of finding out that stuff we like/accept was created by corrupt, perverted dustbags",201,0.029850746268656716,3,thetalkingjed
shoutout to all my homies who are trying very hard,50,0.0,0,thetalkingjed
Feeling this https://t.co/S3WSGzNKOD,36,0.25,5,isnascarasport
"On a scale from neurotypical to clinically insane, where does making a pb&amp;j on hamburger buns fall ?",104,0.009615384615384616,4,wildenian_thot
congrats to @Lupita_Nyongo for being both the most beautiful and most terrifying human on the planet rn,103,0.019417475728155338,2,thetalkingjed
I want what they have https://t.co/iPJ7sUH6e7,45,0.1111111111111111,5,isnascarasport
https://t.co/WEA6mi7FGG,23,0.2608695652173913,5,wildenian_thot
Just found the programs on my calculator from high school https://t.co/4OerayHyhr,81,0.037037037037037035,5,isnascarasport
"Tired of the youth these days.. with the buds in their ears listening to whatever new wave trash is on the spotifies and watching whatever sin is on the youtubes. I'm sick of it.  On an unrelated note, my headphones died and I don't know how to live",249,0.01606425702811245,7,thetalkingjed
https://t.co/0PFBAlczDW,23,0.2608695652173913,5,isnascarasport
#GamingDoesGood My gf broke up with me but now I get to play more :),68,0.07352941176470588,3,wildenian_thot
bring him to me . https://t.co/GY0Zt54PiE,41,0.12195121951219512,6,thetalkingjed
"Me, alone in a dark room looking in the mirror: ‚Äúnight trap‚Äù",60,0.016666666666666666,2,wildenian_thot
"I liked the part where sega came out said ""I work for sega"" and left",68,0.029411764705882353,2,isnascarasport
Video compilation of every time Winona Ryder says my boy with the king from Zelda cdi mixed in between,102,0.0392156862745098,0,isnascarasport
Idk what the big deal about swedish prison is. We just call it Ikea here,72,0.041666666666666664,1,isnascarasport
I‚Äôm too fucking hot to be this sad all the time I should be breaking hearts twice a week and scamming men into buying me sports cars but NOOO give the cute one depression he‚Äôs too cool,184,0.03260869565217391,0,wildenian_thot
Why do I keep hooking up with ugly men,38,0.05263157894736842,0,wildenian_thot
"‚ÄúYou‚Äôre a skinny legend, Brandon.‚Äù - Patrick",44,0.06818181818181818,3,wildenian_thot
I have three different therapeutical appointments on my birthday. Any questions?,80,0.025,2,wildenian_thot
Wigwam Weekend today at 7. https://t.co/wuHZx1TNYk or 91.1 FM https://t.co/5AAO0Y5Ius,85,0.16470588235294117,12,isnascarasport
im in the tarantula market #AnimalCrossing #ACNH https://t.co/UB1Z9nfmKb,72,0.1388888888888889,7,wildenian_thot
‚ÄúYou have to learn to stop getting your hopes up for people who never come through.‚Äù - my grandmother when I was 7 https://t.co/VOB25cE5gg,138,0.043478260869565216,7,wildenian_thot
I don't believe in robots.,26,0.038461538461538464,2,isnascarasport
"the three settings on my ceiling fan are helicopter rotor, angel breath‚Ñ¢, and The Subconscious Idea of Wind",107,0.037383177570093455,2,thetalkingjed
The most important meal of the day https://t.co/BwANhkoLoL,58,0.10344827586206896,5,isnascarasport
"me: finally, a rare opportunity for actual rest, with no pointless obligations or deadli-  my father: Son, the Neighbors have declared war on our household via Christmas lights and we must claim our status as The Most Decorated Home. Keep your wits about you. We ride at dawn.",276,0.03260869565217391,9,thetalkingjed
"late to posting, but this #NationalPoetryMonth I'll be writing a poem every day and posting to this thread! they will likely mostly be incomplete word vomit but they will be poems because I will call them poems. enjoy. day one: radical possibility üåÑ https://t.co/jfbDsMA9xZ",273,0.03296703296703297,12,thetalkingjed
talked to a xenophobic ghost in the library tonight. AMA,56,0.05357142857142857,1,thetalkingjed
Why did they even put the fucking kickstand on the Switch,57,0.03508771929824561,0,wildenian_thot
…πno…• …•sn…π,9,0.0,0,isnascarasport
in only 112 lines of code I trained a machine to infinitely divide by 0 and then yell at me about it üòå u dummies couldn't do it like me,135,0.007407407407407408,1,thetalkingjed
The only way to make sure your VPN is legit is to see how many emojis it has in the name,88,0.045454545454545456,0,isnascarasport
you can't be racially profiled while running at night if you're holding a ukulele,81,0.0,2,thetalkingjed
If you ain't talking *24/7 lofi hip hop ~ chill beats to relax and study to* I don't want to talk,97,0.020618556701030927,6,isnascarasport
who want me?? https://t.co/M5RDOw8o5z,37,0.10810810810810811,7,thetalkingjed
Now that I know someone trying to push a pyramid scheme through insta stories I feel complete,93,0.03225806451612903,0,isnascarasport
Just spent an hour discussing the Rwandan genocide instead of writing my essay due in two hours,95,0.021052631578947368,0,wildenian_thot
Everyone should be happy I don‚Äôt have like the ability to blow things up or catch things on fire with my kind because I‚Äôd just watch the world burn on a bad day (read: everyday),177,0.01694915254237288,3,wildenian_thot
Chance show Nov. 13,19,0.10526315789473684,1,isnascarasport
No one can handle me Except for Oogialat Woogums Boogatholamew. He can handle me,80,0.075,1,wildenian_thot
Damn school started today... that means I only have two more years to start my Zoloft addiction,95,0.031578947368421054,3,wildenian_thot
To those of you who say ‚Äúthink before you tweet‚Äù: checkmate https://t.co/G9LYIxDAJP,83,0.10843373493975904,6,wildenian_thot
I be in the Zoom class like.. https://t.co/oIYwpoEab2,53,0.09433962264150944,7,wildenian_thot
Conditioning the other cars on the road not to pass me,54,0.018518518518518517,0,wildenian_thot
I‚Äôm ahead of the curve üíÖüèºüíÖüèº https://t.co/M6uUnxgIe3,51,0.0784313725490196,5,wildenian_thot
"tip: if you're having trouble getting out of bed, try starting your morning with daily affirmations: https://t.co/892fPIaynU",124,0.024193548387096774,9,thetalkingjed
coming to u live from the applebee's free wifi,46,0.0,1,thetalkingjed
king of saying things in a group setting that are all chuckles in my head and horrifying to the group,101,0.0,0,thetalkingjed
when I grow up I wanna be a euphoria girl,41,0.04878048780487805,0,thetalkingjed
"ay who wanna come over n watch khan academy, I gotta learn algebra by 8am tmrw üòè",80,0.0125,1,thetalkingjed
he. don't. miss. https://t.co/r5C1kqi8fP,40,0.05,9,thetalkingjed
help my friend pass online class by doing a cool final project thingy https://t.co/pEOdNhGoaV,93,0.053763440860215055,5,thetalkingjed
I want to see Ellen Page on Wild 'n Out,39,0.1282051282051282,1,isnascarasport
Why are they fighting ?? Did Sam cheat on her? https://t.co/5tV8JcfzIH,70,0.1,8,wildenian_thot
Bro pull through we are gonna do some taurine later,51,0.0196078431372549,0,isnascarasport
"my parents watching the news: whoa california just had an earthquake   twitter: already announced the earthquake, memed the earthquake, wrote a broadway play starring the earthquake set to premiere this summer, dug up the earthquake's toxic past, cancelled the earthquake,",272,0.0,8,thetalkingjed
Y‚Äôall ever felt sad?  Me too. This poem is sponsored by my weekend at home https://t.co/1iuTuNV6Ju,98,0.07142857142857142,7,wildenian_thot
In highschool my car had a lot of problems but my favorite was the engine would turn off every time the beat dropped in this one death grips song,145,0.006896551724137931,0,isnascarasport
I spiritually identify as ‚Äòsomeone who is laying down‚Äô,54,0.018518518518518517,0,wildenian_thot
Rip internet you were cool while you lasted,43,0.023255813953488372,0,isnascarasport
thoughts and prayers for every Only Woman on the Podcast,56,0.05357142857142857,0,thetalkingjed
How do I make Ramen in my Waffle Iron. I installed twitter but it still burnt the noodles. Please help,102,0.06862745098039216,2,isnascarasport
getting dressed = changing from my inside sweatpants to my outside sweatpants,77,0.0,1,thetalkingjed
"After reviewing the evidence, I have come to the conclusion that I am hot.",74,0.04054054054054054,2,wildenian_thot
america b like we know u can't pay for food on account of we took all the money so here's some shredded cash we just printed and made into a papier mache heart hope u like :),174,0.0,4,thetalkingjed
"my sister getting airpods for christmas has been devastating for our family, can't nobody talk to her anymore",109,0.0,2,thetalkingjed
Best song ever? Perhaps https://t.co/CgSgTSmER4,47,0.1702127659574468,6,wildenian_thot
"apparently I answer phone calls in my sleep now, which is a good and unworrying development I definitely needed at this stage in my life",136,0.014705882352941176,1,thetalkingjed
when are they gonna invent Sleep But You Don't Have to Wake Up,62,0.11290322580645161,1,thetalkingjed
https://t.co/IOapyJEbeE @IsNascarASport,39,0.23076923076923078,6,wildenian_thot
My first foray into waffle making has been a critical success,61,0.01639344262295082,0,wildenian_thot
the test of true love is whether your bitmoji look good together,64,0.0,0,thetalkingjed
Thinking about... him https://t.co/Q8Z0W0LuiC,45,0.13333333333333333,8,wildenian_thot
Being awake has been a mistake,30,0.03333333333333333,0,wildenian_thot
Bout to hop on the free internet at the library. For the next 60 minutes it's over for y'all,92,0.021739130434782608,3,isnascarasport
this makes me very happy. https://t.co/0I3JkSAKfo,49,0.10204081632653061,6,thetalkingjed
"I spend too much of my day just staring at images and trying to figure out why they're funny until I realize they're not memes,",127,0.015748031496062992,3,thetalkingjed
sonic the hedgehog does a fortnite dance twice and dr. robotnik directly threatens the lives of countless civilians,115,0.0,1,thetalkingjed
"To the couple who just yelled from the stadium parking deck at me: I hope you also have a great summer and that you enjoyed my Very Loud Midnight Singing. If I know you, I apologize, I‚Äôm blind and walking around without my glasses",230,0.043478260869565216,4,wildenian_thot
"I was just possessed by a horny ghost who made me write a poem about being a power bottom, I‚Äôve never once felt so attacked",123,0.016260162601626018,1,wildenian_thot
ASCII art is the purest form of human expreeaion,48,0.10416666666666667,0,isnascarasport
I like the part where stranger things 2 is just the first season but with more cliches,86,0.011627906976744186,0,isnascarasport
I want to ride in a train,25,0.04,0,isnascarasport
Note to Self: talk to therapist about compulsive need to be clean all the time,78,0.02564102564102564,1,wildenian_thot
"Listening to MCR, I guess that means it's time to leave Dallas.",63,0.09523809523809523,3,isnascarasport
They don‚Äôt love him out there like we love him here,51,0.0196078431372549,0,wildenian_thot
"About to watch new Godzilla, I hope no buildings get destroyed",62,0.04838709677419355,1,wildenian_thot
https://t.co/TbOKMfKYX6,23,0.30434782608695654,5,isnascarasport
blowing out my speakers w sufjan stevens,40,0.0,0,thetalkingjed
Bet https://t.co/YejdmE5apW,27,0.14814814814814814,5,wildenian_thot
"There is only one woman one earth I have to please. Her name is Isabelle.  Not my mother, my sister, my daughters or co-workers. I will let their husbands/ boyfriends/ partners take care of them.  Isabelle gives me WINGS https://t.co/LWy9TgaY4m",244,0.06557377049180328,14,thetalkingjed
Finally became one with nature by laying on the grass and eating a calzone at 11 pm https://t.co/lDC4DcX0bk,107,0.04672897196261682,5,wildenian_thot
R/U/S/H/H/O/U/R,15,0.5333333333333333,7,isnascarasport
What is the origin of the word video,36,0.027777777777777776,0,isnascarasport
Call me master cheif https://t.co/f4lNKUtfBZ,44,0.13636363636363635,5,isnascarasport
My dad thinks he‚Äôs sooooooo funny https://t.co/1bA9ulWBQ7,57,0.08771929824561403,5,wildenian_thot
what if you came over and solved my permanent back problems aha,63,0.0,0,thetalkingjed
I could have gone D1 in solitaire but I didn't like the way the culture was headed,82,0.036585365853658534,1,isnascarasport
Having irl friendships is ruining my Minecraft playtime ... Many things to consider,83,0.03614457831325301,3,wildenian_thot
"hold on, do you're telling me that NOT ONLY has Arthur still been airing this whole time, but Mr. Ratburn is a gay icon?? I need h",130,0.08461538461538462,6,thetalkingjed
what do u call libido but like for life? I need that,52,0.019230769230769232,1,thetalkingjed
My favorite streaming service is 123movies,42,0.023809523809523808,0,isnascarasport
If this is my fourth class I've had with someone is it too late to ask for their name,85,0.023529411764705882,1,isnascarasport
https://t.co/mexoJCp44d,23,0.08695652173913043,5,isnascarasport
"can't sleep bc I have ""shallow"" stuck in my head but just the part where lady gaga is desperately trying to swallow her own throat",130,0.007692307692307693,3,thetalkingjed
I hope business casual means I can wear shoes with fake blood on them,69,0.028985507246376812,0,isnascarasport
One of those videos where they fix drywall with ramen and sunflower seeds but instead they fix the Tacoma narrows bridge,120,0.016666666666666666,0,isnascarasport
Y‚Äôall I didn‚Äôt know if you knew but I‚Äôm Really Really Gay,57,0.10526315789473684,0,wildenian_thot
Give! Zelda! A! Gun! https://t.co/TGuc4d3oRC,44,0.18181818181818182,9,wildenian_thot
waking up to those 'a family tragedy has reminded me you exist' good morning texts &gt;&gt;&gt;&gt;,99,0.0,10,wildenian_thot
the sapphics got me Thinking too much,37,0.02702702702702703,0,thetalkingjed
The hottest thing a man could do for me rn is come over and validate my existence,81,0.012345679012345678,0,wildenian_thot
rosa was right I do be looking around,37,0.02702702702702703,0,thetalkingjed
"When @kittaveli‚Äôs Rose Gold officially drops, I‚Äôm gonna blow up and act like I don‚Äôt know anyone",96,0.052083333333333336,2,wildenian_thot
Ride or die for Percy Jackson,29,0.10344827586206896,0,isnascarasport
"when my keyboard autocorrects ""Audre"" to ""Audrey"" ..... that's colonization",75,0.02666666666666667,10,thetalkingjed
my dad watched me play tetris 99 tonight and I don't wanna speak too soon but I'm pretty sure I felt ... my father's pride ? about something I care about ? truly this is the game that keeps on giving,199,0.020100502512562814,8,thetalkingjed
I can't believe Abraham Lincoln is dead,39,0.07692307692307693,1,isnascarasport
People are afraid of true art these days,40,0.025,0,wildenian_thot
This shit can‚Äôt even be made up https://t.co/4eVXEr3VZH,55,0.12727272727272726,5,wildenian_thot
A collection of facemask inspired moods #yeshomo https://t.co/vqlQDmp3sG,72,0.05555555555555555,6,wildenian_thot
update: saw noname :) üíú https://t.co/YsGGpyWVQm,47,0.1276595744680851,8,thetalkingjed
The Nair do be leaving slight chemical burns all over my body doe,65,0.03076923076923077,0,wildenian_thot
"o hey look he did it! it would be cool if you followed, perhaps he will continue to do more and maybe that will be nice for both of us üòå https://t.co/lMcEUrHWKD",160,0.04375,7,thetalkingjed
Haunt u Forever,15,0.13333333333333333,0,isnascarasport
"Yep,",4,0.25,1,isnascarasport
https://t.co/sGrvvUcepZ,23,0.13043478260869565,5,isnascarasport
"imagine you're a black woman and your sister invites her white c*p husband (who's been declared a wanted domestic teerorist) over to your house, he ties you to a chair, steals your daughter's new shoes, and then leaves you there for most of a day. this happens in the sonic movie.",280,0.0,11,thetalkingjed
Metal guitar but like ukuleles,30,0.03333333333333333,0,isnascarasport
One day I‚Äôm going to black out.  I‚Äôm tired of remembering ruining my life,73,0.0410958904109589,1,wildenian_thot
Tell me why my parents got me this exact same coffee maker https://t.co/uF1dk3qDDp,82,0.04878048780487805,5,wildenian_thot
Been thinking about life and mortality today. I'd rather die gloriously in battle than from a virus. In a way it doe https://t.co/YEoBtWCGhD,140,0.07142857142857142,8,wildenian_thot
Sorry I can't help out today im stuck in this Popeyes line,58,0.05172413793103448,1,isnascarasport
Unpopular opinion but white claws are shit,42,0.023809523809523808,0,wildenian_thot
every fucking email / phone call / text about some bs that doesn't matter at a time that doesn't make sense https://t.co/QF0XVh2I3L,131,0.04580152671755725,9,thetalkingjed
melancholia,11,0.0,0,wildenian_thot
the vibes were on in the stairwell https://t.co/mqWRVLOeEN,58,0.1206896551724138,5,thetalkingjed
Tracy's anarchy is gonna be my enema of the state,49,0.02040816326530612,1,isnascarasport
"thinking, as always, about miss nina simone",43,0.0,2,thetalkingjed
Me immediately after Shower #1 of 5 for the day https://t.co/scizpdM9QR,71,0.07042253521126761,6,wildenian_thot
I should be able to shower without leaving my bed,49,0.02040816326530612,0,thetalkingjed
"anyway, https://t.co/BxlD2g3lJK",31,0.12903225806451613,6,thetalkingjed
I know so little about hockey but I do know that I love the Canucks and the Flyers with all my heart,100,0.05,0,wildenian_thot
Me trying to best figure out how to decorate my new room https://t.co/t76yY8SQLj,80,0.0625,5,wildenian_thot
All I'm saying is you're asking for trouble if you publish a biography while you're alive,89,0.02247191011235955,3,isnascarasport
Cat in the stadium  Who is he rooting for,41,0.04878048780487805,0,isnascarasport
what are we even saving all this daylight for anyway,52,0.0,0,thetalkingjed
Me?  Switching my major to Neuroscience?  Very likely,53,0.07547169811320754,2,wildenian_thot
accidentally bought a regular loofa instead of a mens loofa and now I have soft tender baby woman skin oh n,107,0.009345794392523364,0,thetalkingjed
https://t.co/sMkEJ6j6mK,23,0.17391304347826086,5,isnascarasport
I think the news people calling in from home should Not be made to wear business professional. maybe if they were comfortable they would say less awful things,158,0.012658227848101266,1,thetalkingjed
cosplaying as someone who went to church this morning,53,0.0,0,thetalkingjed
"It takes me less than 15 minutes to decide that all my friends hate me and I should just go back to sleep, that‚Äôs my talent",123,0.016260162601626018,1,wildenian_thot
I was late to class today so I ran out of my room with wet hair and one of my residents said ‚ÄúOK SHOWER‚Äù and I literally can‚Äôt stop thinking about it,149,0.0738255033557047,0,wildenian_thot
Wigwam Weekend Tonight @ 7 on 91.1 FM or https://t.co/wuHZx1TNYk https://t.co/FWRmkilLDX,88,0.18181818181818182,12,isnascarasport
Rebranding as a monster energy guy,34,0.029411764705882353,0,isnascarasport
"I don‚Äôt know if y‚Äôall can tell from the literally everything about me, but I‚Äôm still very single : ) If anyone is in the market for a depressed boyfriend, hmu I‚Äôm very low maintenance, all I need is all your attention all the time",230,0.021739130434782608,5,wildenian_thot
Looking for an alien to show me around space. Must be fluent in English or really good at charades. DM for info,111,0.04504504504504504,2,thetalkingjed
If I see another white Jesus with an inexplicable English accent I'mma flip something over,90,0.05555555555555555,1,thetalkingjed
https://t.co/FV69dvwZth,23,0.13043478260869565,5,isnascarasport
those frantic late night google searches üò™ https://t.co/6WHpwtFU2A,66,0.07575757575757576,5,thetalkingjed
"I just gotta say, it is astoundingly easy to not be an intolerant bigot lol but idk anything that's just me haha",112,0.008928571428571428,2,thetalkingjed
"you've heard of ""running up that hill (a deal with god),"" now get ready for ""running through your nxgga house (like the tomb raider)""",133,0.0,10,thetalkingjed
Do they check your driver's license when you become a Nascar driver,67,0.029850746268656716,1,isnascarasport
Lil peep may be dead. What the fuck,35,0.05714285714285714,1,isnascarasport
I texted my boss this morning at 4 AM and asked what the vibe was for a professional conference,95,0.031578947368421054,0,wildenian_thot
why did I lie to my sandwich artist about my plans for tonight. I didn't have to do that,88,0.022727272727272728,2,thetalkingjed
generational cultures intersecting at home where my sister does tiktok dances to my father's reggae gospel music,112,0.0,1,thetalkingjed
that car commercial that uses Me and Your Mama is offensive and overstepping its bounds,87,0.034482758620689655,0,thetalkingjed
"I wish blackness was awarded the same luxury of mediocrity that eisenberg/cera/hill/sandler movies thrive in. I wanna watch black people fall in love listening to 2000's punk music, and for it to mean nothing more than black people falling in love",247,0.008097165991902834,6,thetalkingjed
me                             me October 30th           October 31st 11:59 PM                 12:00 AM https://t.co/tPRLu4rdeK,127,0.07874015748031496,7,thetalkingjed
https://t.co/zsgU7PhXSr,23,0.17391304347826086,5,isnascarasport
The man at the donut strong saw me in a baseball hat and a Nintendo shirt and assumed I had a job,97,0.030927835051546393,0,isnascarasport
Is it a sport,13,0.07692307692307693,0,isnascarasport
"happy palm sunday, don't forget to high-five Jesus",50,0.02,3,thetalkingjed
my favorite thing about my broken body is how anytime I move my neck it sounds like crunching fallen leaves on a crisp autumn day,129,0.007751937984496124,0,thetalkingjed
The crowd when we riot twice every class period: https://t.co/pGzmWx2e37,72,0.041666666666666664,6,wildenian_thot
I have ANTIDEPRESSANTS and APPLE CIDER it is OVER,49,0.6122448979591837,0,wildenian_thot
I knew I was going to have a pop quiz today when I saw my professor french tucked his fleece to show off his lv belt,116,0.02586206896551724,0,isnascarasport
"God, I just really hope I get to see @noname tomorrow üòîüôèüèø",57,0.05263157894736842,2,thetalkingjed
How do I make every photo on my Instagram available as stock photos,67,0.04477611940298507,0,isnascarasport
Watching portrait of a lady on fire,35,0.02857142857142857,0,wildenian_thot
"bro put a winky face on the first slide of his syllabus powerpoint, gonna be a good class",89,0.0,1,thetalkingjed
sonic is simultaneously an enemy of the state and an accomplice to the police. in this essay I will,99,0.010101010101010102,1,thetalkingjed
"things my father has asked me for: - a pen (I was backseat in his car)  - a phone service recommendation - a 2019 3D movie he could buy on his tv (had to be 3D) - ""any candy"" - my birth date - $200 in cash",205,0.014634146341463415,14,thetalkingjed
"new love songs: ""ay bby you special""  old love songs: ""you could blackmail me, kidnap my family, and literally stab me in the back and I'd still be forever devoted to you, my love, uplifter of my soul, without whom I cannot know joy,""",234,0.008547008547008548,13,thetalkingjed
I finished You season 2 last night I‚Äôve never been hurt like this,65,0.046153846153846156,0,wildenian_thot
me n the boys in the Marxist utopia https://t.co/2wOwwKyyLP,59,0.0847457627118644,5,thetalkingjed
If I die this summer put my body on the steps of the AU Med Clinic,66,0.09090909090909091,0,wildenian_thot
Wigwam Weekend tonight at 7. Wegl 91.1 or https://t.co/Mcqivt0hy9 https://t.co/lbLo4PB3bg,89,0.07865168539325842,12,isnascarasport
I helped my friend Eric make this https://t.co/zKORmYiSAJ,57,0.15789473684210525,5,isnascarasport
I don‚Äôt eat on Saturdays because that would require leaving my bed,66,0.030303030303030304,0,wildenian_thot
Star Wars is new Transformers and should be viewed as such,58,0.05172413793103448,0,isnascarasport
If the Earth was round then traveling through different time zones would take you back in time infinitly,104,0.019230769230769232,0,isnascarasport
I am WIELDING a pumpkin and I am MANIC,38,0.39473684210526316,0,thetalkingjed
Niel Armstrong didn't run on the moon,37,0.05405405405405406,1,isnascarasport
Watching novellas https://t.co/HW7pW1aAO5,41,0.14634146341463414,5,isnascarasport
The Constitution is a boring read,33,0.06060606060606061,0,isnascarasport
"It‚Äôs hot girl summer and I‚Äôm mentally unstable, come get y‚Äôall juice",68,0.029411764705882353,1,wildenian_thot
I'm so sorry for that,21,0.047619047619047616,1,isnascarasport
https://t.co/91i87qA8xO,23,0.08695652173913043,5,isnascarasport
Just remembered I forgot to call my mom,39,0.05128205128205128,0,wildenian_thot
"tell me why i started a timed canvas quiz and then switched tabs to twitter, boy if you don't get these grades -",112,0.0,3,thetalkingjed
"Perks of being on a first name basis with the receptionist at Student Counseling and Psychiatric Services:  she signs me in without asking for my name, she lets me use the zen den without a reservation  Cons:  ???",213,0.028169014084507043,6,wildenian_thot
being on this animal crossing irl just catching butterflies and vibing would be really ideal rn,95,0.0,0,thetalkingjed
Look how they ate this ! https://t.co/NV6HQykj5b,48,0.10416666666666667,6,wildenian_thot
I love staring at blue light on my phone,40,0.025,0,isnascarasport
Discrimination or legal protections for da day,46,0.021739130434782608,0,wildenian_thot
You know it's Friday night when the little ceasers app is getting installed,75,0.02666666666666667,1,isnascarasport
Expired Dr Pepper üòî,19,0.15789473684210525,0,isnascarasport
Every chicken fingers place has some sauce thats called [company name] + sauce and I think we should all agree to just call it Cain's sauce,139,0.02158273381294964,4,isnascarasport
for my final act I am forcefully ejected from the karaoke stage,63,0.015873015873015872,0,thetalkingjed
I imagine it‚Äôs incredibly difficult being my friend,51,0.0196078431372549,0,wildenian_thot
Did neutral milk hotel copy tangerine warrior (freestyle) by jonatan leandoer96,79,0.012658227848101266,2,isnascarasport
Movies I've watched in the past 24 hours in order: John Wick The Matrix Reloaded John Wick 3,92,0.09782608695652174,2,isnascarasport
"I like Waffle House. Its my favorite restaurant! When I get my food I'm like ""yes"" but when it's crowded I'm like ""no""",118,0.06779661016949153,9,isnascarasport
"Some of y‚Äôall need cognitive therapy, I‚Äôm not gonna lie",55,0.03636363636363636,1,wildenian_thot
Every square in Auburn bingo is like: do you go do auburn,57,0.03508771929824561,1,isnascarasport
Holding the mic attached to my skullcandy headphones behind a pop filter for better sound quality,97,0.010309278350515464,0,isnascarasport
pizza pizza https://t.co/xJsswrkhLS,35,0.08571428571428572,5,thetalkingjed
CSSE majors be like ugh my copy and paste from stack overflow is due friday,75,0.05333333333333334,0,isnascarasport
They were decent https://t.co/DKmWWgaV1D,40,0.175,5,isnascarasport
Just downloaded Pokemon go who trying to play. Serious inquiries only. Team valor only. Either dm or hit my line https://t.co/5GpwINeydL,136,0.0661764705882353,8,isnascarasport
yooooooooooooooooooooooooooooo https://t.co/sye1g4Nv58,54,0.018518518518518517,5,thetalkingjed
üò≠üò≠ but the fruit is nice ig https://t.co/MCAxfLq7U0,51,0.09803921568627451,5,thetalkingjed
Okay I love this it‚Äôs so pure and sweet and I guess maybe I won‚Äôt cancel all humans tonight https://t.co/Tprbfon3pI,115,0.05217391304347826,5,wildenian_thot
"People always begging for a text back need to grow up .,..., we‚Äôre adults... it‚Äôs time to start asking for business emails back",127,0.007874015748031496,9,wildenian_thot
Young thug says uwu in the new album 10 out of 10,49,0.02040816326530612,0,isnascarasport
Me @SeasonSoak https://t.co/kiODwQvEAk,38,0.21052631578947367,6,wildenian_thot
getting ahead of schedule by already being tired from tomorrow,62,0.0,0,thetalkingjed
"Just described a Sufjan song as ""a grower not a shower""",55,0.03636363636363636,2,isnascarasport
Looking for people to go to the Minecraft music festival with https://t.co/Akaxw06vtI,85,0.047058823529411764,5,isnascarasport
"Being in Target on tax-free weekend has me acting different... I‚Äôm about to buy a water filter, ice cube tray and 700 pencils",125,0.024,5,wildenian_thot
‚ÄúIs He Romantically Attracted to Me or Is He Just Waving: A Memoir‚Äù,67,0.16417910447761194,1,wildenian_thot
I need help https://t.co/HaEwmG96NB,35,0.17142857142857143,5,isnascarasport
"technically he's actually jack johnson's monster, jack johnson was the creator https://t.co/629Y7St3ai",102,0.0196078431372549,8,thetalkingjed
I‚Äôm bitches https://t.co/7J0xlUcuZe,35,0.11428571428571428,5,wildenian_thot
Super Sick #ACHappyHome #3DS http://t.co/902SxTJj9z,51,0.21568627450980393,7,isnascarasport
"say what you will about stan twitter, but it must be nice to know what your opinion &amp; response is on every subject matter without having to think",149,0.0,3,thetalkingjed
quarantine going fine until i bend over wrong and need a massage,64,0.0,0,thetalkingjed
If I don‚Äôt drink three monsters a day I will literally die,58,0.05172413793103448,0,wildenian_thot
Asking the psychiatrist to double the dosage on my antidepressants,66,0.015151515151515152,0,wildenian_thot
I don‚Äôt know what half the shit on this list is https://t.co/71qePrM5nT,71,0.056338028169014086,5,wildenian_thot
"My life plan was to be abducted by faeries before age 20, so I‚Äôm not exactly sure what the hell im supposed to do now",117,0.017094017094017096,1,wildenian_thot
Wigwam Weekend tonight at 7 https://t.co/Mcqivt0hy9 or 91.1 fm https://t.co/wivLKKlpNn,86,0.08139534883720931,11,isnascarasport
Need one of those animated twitter headers except it says ‚ÄúStraight Man‚Äôs Whore‚Äù in calligraphy,95,0.042105263157894736,0,wildenian_thot
"dr. robotnik, and furthermore every supporting character in sonic the hedgehog, is an incel",91,0.0,3,thetalkingjed
watch crip camp. okay? bye,26,0.0,2,thetalkingjed
. „ÄÄ  ‚úß¬∑  .„ÄÄ„ÄÄ *„ÄÄ„ÄÄ„ÄÄ* „ÄÄ„ÄÄ„ÄÄ  „ÄÄ.   i„ÄÄ„ÄÄ   ¬∑  wrote haikus„ÄÄ* . „ÄÄ„ÄÄ„ÄÄ.„ÄÄ about „ÄÄ „ÄÄ„ÄÄ„ÄÄ.„ÄÄ„ÄÄ    „ÄÄ„ÄÄ*„ÄÄ ‚ú∑  „ÄÄcanibalism„ÄÄ„ÄÄ ¬∑  *  „ÄÄ. „ÄÄ  ‚úß¬∑       .„ÄÄ         „ÄÄ *„ÄÄ„ÄÄ„ÄÄ*    „ÄÄ .  *„ÄÄ„ÄÄ  ‚ãÜ (in your yearbook) https://t.co/fqvprpmJcW,198,0.010101010101010102,24,isnascarasport
Finally listening to The Gift...  NASA has spotted my wig on Venus,66,0.12121212121212122,3,wildenian_thot
"Me, completely dressed, backpack on, 15 minutes to get to a class that‚Äôs 5 minutes away: ‚Äúthere‚Äôs no possible way I can make it üôÉ guess I have to skip üò≠‚Äù",153,0.0196078431372549,4,wildenian_thot
"Daylight savings time can only hurt you if you have normal sleep patterns, it has no control over me",100,0.01,1,wildenian_thot
Putting pics of Adam Sandler on my story like how girls put pics of post Malone on theirs,89,0.0449438202247191,0,isnascarasport
Why is the only cooking appliance i have a waffle iron shaped like texas,72,0.013888888888888888,0,isnascarasport
Me tonight after two shots https://t.co/Z6M6X0saN2,50,0.1,5,wildenian_thot
https://t.co/s3BXzmOPG6,23,0.21739130434782608,5,isnascarasport
I want to thank genius and Spotify for coming together to tell me the meaning behind sell out by reel big fish,110,0.01818181818181818,0,isnascarasport
"sonic the hedgehog is my black panther, which is also my black panther",70,0.0,1,thetalkingjed
"liberate the mouse, that we may celebrate the day of her freedom https://t.co/Pyu8S1EVmp",88,0.045454545454545456,6,thetalkingjed
he is sitting #AnimalCrossing #ACNH #NintendoSwitch https://t.co/t1DwsOzcDO,75,0.16,8,thetalkingjed
I have a fatal illness and the only way to cure it is for someone to makeout with me,84,0.011904761904761904,0,wildenian_thot
Sitting in the diner like https://t.co/CwZIaBSsUR,49,0.16326530612244897,5,isnascarasport
Catch me at the Home Depot at the riverchase galleria,53,0.05660377358490566,0,wildenian_thot
I like online classes because I can put off everything until 11 PM the day it‚Äôs due,83,0.04819277108433735,0,wildenian_thot
So excited to drop $500 I don‚Äôt have on some bullshit medical thing because no one in my family knows how to get their fucking shit together,140,0.014285714285714285,1,wildenian_thot
Kurt would have wanted it this way https://t.co/aGkRcGz1dE,58,0.08620689655172414,5,isnascarasport
Doja Cat has had the time since her career crashed,50,0.04,0,wildenian_thot
Just saw a door that said ‚Äúdo not open for any reason‚Äù and the only thing I could think is that I could open because I don‚Äôt have a reason,138,0.028985507246376812,0,wildenian_thot
Thinking about how I‚Äôve been much happier since this isolation started and it‚Äôs because I don‚Äôt feel like I‚Äôm constantly ruining things by just being alive and im not starting random fights with people to validate my place in their life,236,0.01694915254237288,0,wildenian_thot
https://t.co/IRr56uVaRF,23,0.21739130434782608,5,isnascarasport
How do you play bingo,21,0.047619047619047616,0,isnascarasport
Scott pilgrim vs the world but instead of 7 evil exes it's me eating 7 pounds of pizza,86,0.011627906976744186,1,isnascarasport
"oh how I long for a chip in my brain that zaps me to sleep whenever I have a Thought or it is 8pm, whichever comes first",120,0.025,1,thetalkingjed
Rowand 2020:  I Made a Meme https://t.co/WooE8dRPph,51,0.1568627450980392,6,wildenian_thot
turns out people really do deserve to be loved and feel happiness?? what a brilliant concept ‚òÄÔ∏è,95,0.0,2,thetalkingjed
‚ÄúGoths are more ‚Äòrage against the machine‚Äô while Emos are more ‚Äòrage against my parents‚Äô.‚Äù,90,0.022222222222222223,1,wildenian_thot
was feeling pretty good tonight so I ate three pounds of hot liquid cheese to remind myself who I am,100,0.02,0,thetalkingjed
I‚Äôd like to point out that I owe Ariana Grande my life because she released One Last Time,89,0.07865168539325842,0,wildenian_thot
So excited to get a boyfriend so I can tweet ‚Äúmissing the whore life‚Äù and get broken up with,92,0.021739130434782608,0,wildenian_thot
"making a to-do list and crossing out every item to replace it with ""why?""",73,0.0,4,thetalkingjed
ive been downloading fonts again...,35,0.0,3,isnascarasport
It's 2018 I'm only eating bread,31,0.06451612903225806,2,isnascarasport
"hate doing anything related to auto repair cause they're like ""what do you need done"" and I'm like listen. I need you to tell me what I need done",145,0.020689655172413793,5,thetalkingjed
There's money to be made in starting your own college,53,0.018867924528301886,1,isnascarasport
These are all inspired looks and I had to share them with the world #LGBTQruletheworld https://t.co/5rh7w4aAGs,110,0.08181818181818182,6,wildenian_thot
I've ruined my Google searches because I tried to find a Project Pat song but I keep getting GitHub projects,108,0.07407407407407407,1,isnascarasport
Can someone please find me a new man to devote all my time and energy to so I can stop being irrationally angry at my friends for not reading my mind,149,0.013422818791946308,0,wildenian_thot
hope everyone using FaceApp is gonna be in good shape to fight off their Russian clone in 5-10 years,100,0.03,1,thetalkingjed
"my parents think animation is child's trash and bad words make them cry, which makes it impossible to talk to them about any movies I've ever enjoyed",149,0.006711409395973154,3,thetalkingjed
things zendaya did: ‚Ä¢ all that who she did it for ‚Ä¢ us,54,0.0,1,thetalkingjed
Thank you Google https://t.co/NxF7fPvEYq,40,0.175,5,isnascarasport
"canvas video needs a 10x speed option, I want an hour of information just machine gunned into my brain in 6 minutes",115,0.008695652173913044,1,thetalkingjed
Straight men get their hearts broken once in 7th grade and then decide to never treat a person right until they die,115,0.008695652173913044,0,wildenian_thot
"What am I watching, oh it's just a little indie film you probably haven't heard of it... It's called Godzilla you should check it out",133,0.03007518796992481,7,isnascarasport
something positive for the tlüî• https://t.co/0Ap1EgVNuU,54,0.09259259259259259,5,thetalkingjed
Books be like words,19,0.05263157894736842,0,isnascarasport
"oh to be a slightly crispy loaf of italian bread, brushed lightly with an egg wash by a baker worth their salt https://t.co/0NfHnYhKuU",134,0.03731343283582089,6,thetalkingjed
have placed too much emotional stake in my plants and now i'm just posted up worrying about em but you can't call a bamboo. no matter how much i worry i can't check on her. she won't answer. she won't answer.,208,0.0,9,thetalkingjed
don't forget to pretend out loud so that everybody hears you,60,0.0,1,thetalkingjed
a little upset no one told me emotional stability was a prerequisite for literally all of my classes,100,0.0,0,thetalkingjed
Imagine being this wrong https://t.co/ZIGKUfQ24B,48,0.16666666666666666,5,wildenian_thot
Hot take: the Superbowl is staged,33,0.06060606060606061,1,isnascarasport
where's the night mode setting for life,39,0.0,1,thetalkingjed
Buzzcut Season - Lorde https://t.co/SkFZawE3zs,46,0.15217391304347827,6,wildenian_thot
Nobody: Literally fucking no one: Not a damn soul:  My Twitter Timeline: SOCIAL EXPERIMENT!! If you see this tweet please put the first nine digits of your social security number that come to mind in the comments WITHOUT looking to see what others said! Thanks!!,262,0.1183206106870229,9,wildenian_thot
Trying to win the trucker vote,30,0.03333333333333333,0,isnascarasport
finally finished moving in üòç https://t.co/GtyxmgR1sd,52,0.038461538461538464,5,thetalkingjed
Do you like American music too?,31,0.06451612903225806,1,isnascarasport
high school girls soccer games got me feeling alive in the most dead way,72,0.0,0,thetalkingjed
I should really save people‚Äôs numbers in my phone because I‚Äôm having a full conversation with someone who sent me birthday wishes and I have no clue who it is,158,0.0189873417721519,0,wildenian_thot
are white bread and italian bread the same thing I need to know right now,73,0.0136986301369863,0,thetalkingjed
"workshopping something called the tiger scale, it's a tool for white people to determine how close they are to becoming anyone in that documentary",146,0.0,2,thetalkingjed
Making a record player spin at 45 rpm was just Nightcore for old people,71,0.028169014084507043,0,isnascarasport
One of my residents found my twitter so this is a SFW experience now,68,0.058823529411764705,0,wildenian_thot
I think im gonna download Doki Doki Literature Club!  It looks so cute and happy,80,0.075,1,wildenian_thot
another night lying awake wondering how trey's basketball game went,67,0.0,1,thetalkingjed
Just found out 100 gecs released their stems https://t.co/moeCy71Yyj,68,0.04411764705882353,5,isnascarasport
Texting my dad ‚Äúhow much do you know about tigers‚Äù,50,0.02,0,wildenian_thot
My tummy do be rumbling a little tho https://t.co/dWILrjzVfx,60,0.08333333333333333,5,wildenian_thot
what am I supposed to do about the 30-50 feral hogs on the local police force,77,0.012987012987012988,1,thetalkingjed
ok this hit https://t.co/DFR2lEYsJI,35,0.2,5,thetalkingjed
Spaghetti noodles but shaped like pretzels,42,0.023809523809523808,0,isnascarasport
this musical snowman could conceivably dunk on me https://t.co/UaJQS7jYsy,73,0.0684931506849315,5,thetalkingjed
This bitch really tried making me sleep on the couch,52,0.019230769230769232,0,wildenian_thot
"het boys be like ""my heart goes out to all those affected by my lack of emotional intelligence""",95,0.0,2,thetalkingjed
I have no idea what music I would listen to if I was happy,58,0.05172413793103448,0,thetalkingjed
"said ""happy blood moon"" to some kids in 90's clothing drunkenly passing by our moon watching party and they just started back like I was the weird one",150,0.006666666666666667,3,thetalkingjed
The Eagles didn't have to go that hard on Hotel California but they did that. They did that for us in 1976,106,0.04716981132075472,2,thetalkingjed
Having to eat alone is an aggression,36,0.027777777777777776,0,wildenian_thot
rebranding as one of those people who constantly complain about how many bug bites they have,92,0.0,0,thetalkingjed
Everytime I hear loveless by Lorde I just imagine here saying I'm gonna break your knee caps,92,0.05434782608695652,1,isnascarasport
shoutout to all my homies with the bad backs,44,0.0,0,thetalkingjed
Should I attach my credit score on LinkedIn,43,0.09302325581395349,0,isnascarasport
my sister &amp; I found a megan thee stallion station on our parents' pandora and when we asked our mom about it she said she doesn't know anything about that  ...lmao ok mom gone head üî•,186,0.005376344086021506,7,thetalkingjed
hey @terrycrews it's our special day. happy birthday man. honored to have this in common with you üå∫,99,0.0,4,thetalkingjed
Best place to RA üòçüòçüòçüòç I‚Äôm so blessed https://t.co/KgvmLwjK8m,60,0.11666666666666667,5,wildenian_thot
some of y'all are having too much fun it's a quarantine ur supposed to be miserable üòí,85,0.0,2,thetalkingjed
I'm back with my show tonight. Going at  9 just for today. Listen at 91.1fm or https://t.co/McqivsIG9z https://t.co/5xVFKBS0vl,126,0.0873015873015873,14,isnascarasport
is there a website that rates movies only based on how for the gays they are,76,0.0,0,thetalkingjed
Gonna develop a nicotine addiction just so I have something to do,65,0.03076923076923077,0,wildenian_thot
I wonder what the guy who proved dwarf fortress is Turing complete is doing rn...,81,0.024691358024691357,3,isnascarasport
What if I told you we live in a society where it's easier to get a big Mac than vibes,85,0.03529411764705882,1,isnascarasport
"Yes, I watch Perks of Being a Wallflower once every month. Yes, I cry like a fucking baby every single time.  Any questions ?",125,0.064,5,wildenian_thot
fuck it ... cardboard boxes #AnimalCrossing #ACNH https://t.co/HJf8oqatz2,73,0.1095890410958904,10,wildenian_thot
Neo Yokio is a really good show. Its got the cheesy old anime vibes but with a hard parody of capitalism and high fashion,121,0.024793388429752067,1,isnascarasport
what happened to that dude from the tumblr story who hadn't heard of oven mitts? is he thriving?,96,0.0,3,thetalkingjed
If I get Corona virus I'm finding a way to buy a bat to see what all the hype is about,86,0.046511627906976744,1,isnascarasport
new career goal is one of the people who name sushi rolls,57,0.0,0,thetalkingjed
"name a perfect place, I dare you",32,0.03125,1,thetalkingjed
https://t.co/Lrwj0FinBQ,23,0.17391304347826086,5,isnascarasport
What is this playlist https://t.co/Jr402Omf4W,45,0.08888888888888889,5,isnascarasport
friday night baybee :( https://t.co/sQzWfUzmPi,46,0.08695652173913043,7,thetalkingjed
Hell,4,0.25,0,isnascarasport
Impulse buying bitcoin,22,0.045454545454545456,0,isnascarasport
"My little sister just came home from school and started telling me about all the trends she's started and that she's ""literally so funny fr"" so either she's extremely lame or she's running the school",199,0.005025125628140704,6,thetalkingjed
When Danny brown said have a lunchable for dinner I felt that,61,0.04918032786885246,0,isnascarasport
Hereditary was very good,24,0.041666666666666664,0,isnascarasport
Came straight into the work groupchat and stared making enemies üíÖüèºüôÉüíÖüèº,69,0.014492753623188406,0,wildenian_thot
My stats from @_tweetails_. Favourite words: 'fucking' and 'fuck'. Average word length: 3.91. Intelligence rating: Astute.,122,0.040983606557377046,15,wildenian_thot
My apple cider intake is through the roof,41,0.024390243902439025,0,wildenian_thot
Wow I might literally be insane,31,0.06451612903225806,0,wildenian_thot
These are all the same man https://t.co/YNgx5TEfml,50,0.1,5,wildenian_thot
‚ÄúI‚Äôve Been Called Fragile by People Who Would Probably Know‚Äù,60,0.15,0,wildenian_thot
The Ides of March truly are an auspicious time for me to finally meet up with my best friends from high school again,116,0.02586206896551724,0,wildenian_thot
alone in the discord voice channel just cryin to nobody,55,0.0,0,thetalkingjed
"i'mma just start writing articles since anybody can just say anything. who will read them, you ask? matters not, my audience is the void",136,0.0,5,thetalkingjed
It's 1:56 or as I like to call it Minecraft soundtrack o'clock,62,0.04838709677419355,3,isnascarasport
Watching good movies with straight men is bad because they always have terrible opinions about them,99,0.010101010101010102,0,wildenian_thot
https://t.co/cgDnW1MR94,23,0.17391304347826086,5,isnascarasport
If Garfield ran for president I would like have to vote for Garfield ya know...,79,0.05063291139240506,3,isnascarasport
"an app for when u wanna text your ex that matches u with other people who wanna text their exes, and u anonymously trade exes for conversation. if you thought that tweet was alright, you're not gonna believe this next tweet, silicon valley hold onto your square asses",267,0.0,5,thetalkingjed
Han Solo dies at the end,24,0.08333333333333333,0,isnascarasport
now that they're redesigning sonic they have the opportunity to give him veiny arms and a face piercing,103,0.0,1,thetalkingjed
"Upon further inspection of the tea, it seems I'm just antisocial and bad at expressing myself https://t.co/5Rjc1d187W",117,0.03418803418803419,7,thetalkingjed
I call her continental breakfast cause I keep coming back for more https://t.co/ax9fxV5SOT,90,0.06666666666666667,5,thetalkingjed
Can anyone explain why I am literally in tears in the CVS,57,0.08771929824561403,0,wildenian_thot
Is this brockhampton song gay or about god,42,0.023809523809523808,0,isnascarasport
https://t.co/P0uDzJ2xBy,23,0.17391304347826086,5,isnascarasport
I‚Äôm drunk and wanted to let everyone know that I rly rly want a boyfriend and I WILL completely latch on to any man who shows me even an iota of attention so if anyone wants to do that just hmu I‚Äôm pretty hot and not a bad person most of the time pls love me,258,0.031007751937984496,0,wildenian_thot
"‚ÄúThere‚Äôs only a shadow of me in a manner of speaking, I‚Äôm dead‚Äù https://t.co/GcsiRoacon",87,0.04597701149425287,6,wildenian_thot
"Just got out of Midsommar... that was breathtaking, and not just because I have asthma",86,0.03488372093023256,4,wildenian_thot
how am i supposed to watch she-ra and play animal crossing at the same time all while ignoring my professor on zoom... the demand placed upon me is too high,156,0.0,4,thetalkingjed
Don't you like american music,29,0.034482758620689655,1,isnascarasport
sometimes the universe throws you a pimple to help you appreciate those moments of clear skin,93,0.0,0,thetalkingjed
thank u so much @netflix https://t.co/oQUXw64J7L,48,0.10416666666666667,6,thetalkingjed
It‚Äôs an aggression for people to be concourse preaching on my birthday,70,0.014285714285714285,0,wildenian_thot
"Kinda wanna pull up to the gay club, kinda wanna sleep",54,0.018518518518518517,1,wildenian_thot
this sleep schedule boutta be downright silly,45,0.0,0,thetalkingjed
Axe cop is one of the greatest shows ever made,46,0.021739130434782608,0,isnascarasport
https://t.co/gq5eGiTOoo,23,0.13043478260869565,5,isnascarasport
"Since the corona virus stopped me from doing my show, I'm going to do one last show on discord. If you want to listen you can join here https://t.co/EvcAv1yLpH It starts at 7",174,0.04597701149425287,8,isnascarasport
when your magician friend pulls you out of a lil hat &gt;&gt;&gt;,65,0.0,6,thetalkingjed
https://t.co/yXrHEKXJxq,23,0.2608695652173913,5,isnascarasport
Coming to terms with the fact that no matter how much I change and how much weight I lose I‚Äôm not going to be satisfied with the way I am is a weird and long journey,165,0.030303030303030304,0,wildenian_thot
Listening to Macintosh Plus in my cubicle,41,0.07317073170731707,0,isnascarasport
I'd pay for a streaming service that was just Donnie Darko,58,0.05172413793103448,1,isnascarasport
Before He Cheats turns me into a thrice-divorced widow whose most recent husband has been mysteriously absent for over three weeks EVERY TIME,141,0.0851063829787234,1,wildenian_thot
How did they get the criminals picture on Western wanted posters,64,0.03125,0,isnascarasport
Sometimes you make bad jokes  https://t.co/HQuNqLLjKB,53,0.1509433962264151,5,isnascarasport
It's with a heavy heart that I report that my Scrobbles are down 27% https://t.co/HY9HqHBR4W,92,0.10869565217391304,7,isnascarasport
Went to a fashion show tonight and learned that I've been walking incorrectly my entire life. I'm a new man.,108,0.027777777777777776,4,thetalkingjed
war eagle now you can buy this thing I drew as a real life sticker! how fun and also exciting!! #Auburn #AUBvsUNC #aumbb üèÄ https://t.co/MITNFcAF1J,146,0.1095890410958904,11,thetalkingjed
Monster energy kegs,19,0.05263157894736842,0,isnascarasport
Carbonated Queso,16,0.125,0,isnascarasport
"is it too late and too obscure if i say ""you're in her dms, i'm in her github pull requests. we are not the same"" or would you guys like that tweet anyway",154,0.0,6,thetalkingjed
"this week's episode of my favorite show, ""tell these black kids they could be who they are"" üòå https://t.co/cwPh5kU9D7",117,0.02564102564102564,9,thetalkingjed
Making a playlist called young thug songs you can cry to,56,0.017857142857142856,0,isnascarasport
Welcome to the Black Parade came on the radio and I choked,58,0.06896551724137931,0,wildenian_thot
tryna find a baddie who will feed me to the tigers üòî,52,0.0,0,thetalkingjed
First Ariana Grande at the #GRAMMYAwards2020 and now Scarlett Johansson at #BAFTA2020   I‚Äôm so tired of our beautiful WPOC being snubbed for awards they so clearly deserve #justiceforari,186,0.11827956989247312,3,wildenian_thot
I miss her so damn much https://t.co/u5WHc08wpx,47,0.06382978723404255,5,wildenian_thot
ace rly do be the place with the helpful hardware stuff #sponsored,66,0.0,1,thetalkingjed
oof https://t.co/d199IF9clk,27,0.07407407407407407,5,wildenian_thot
I have to be honest about something. I do not know what time it is. I have no idea what the numbers mean. the circle with the pointers? effectively meaningless. am beginning to think this is all made up and nothing has happened yet,231,0.012987012987012988,5,thetalkingjed
These fucking tarantulas scare the shit out of me But I Will Catch Them so I can afford my home,95,0.07368421052631578,0,wildenian_thot
My brain isn‚Äôt very fun to live with all the time,49,0.02040816326530612,0,wildenian_thot
"this article is beautifully written and wonderfully argued. @The_TylerWard has amazed me every time I‚Äôve heard or read his words, and I‚Äôm sure he‚Äôll continue to amaze me in the future. In other words, I‚Äôll be at Sally Mae‚Äôs birthday party https://t.co/YJJlsS6MIZ",262,0.061068702290076333,11,wildenian_thot
We are now at three Dillard's at Auburn accounts that follow me,63,0.047619047619047616,1,isnascarasport
Only listening to Kelly k and stupid horse from here on out to make sure my Spotify wrapped next year is correct,112,0.026785714285714284,0,isnascarasport
Out getting ribs...,19,0.05263157894736842,3,isnascarasport
I don't have any friends and that's the tea,43,0.023255813953488372,2,thetalkingjed
"Felt kaiju, might delete later",30,0.03333333333333333,1,isnascarasport
in the core of my being I need you all to stop https://t.co/ntHPd2Rz97,70,0.05714285714285714,5,thetalkingjed
@ anyone who has ever liked me: why https://t.co/s4kaemwjT4,59,0.01694915254237288,7,wildenian_thot
"this app today has felt like rushing late into a classroom where a girl who needs therapy is reading fanfiction for a poetry workshop, a guy who needs twice as much therapy is playing devil's advocate to nobody, &amp; there's only one other black person &amp; they're chained under a desk",288,0.0,9,thetalkingjed
Angry Birds shirt ON.,21,0.19047619047619047,1,isnascarasport
going home between classes to read poems and eat my pizza,57,0.0,0,thetalkingjed
Marianne has seventeen phones in her pocket calling every world leader,70,0.014285714285714285,0,wildenian_thot
Sometimes dreams do come true https://t.co/AmnHuRxzrG https://t.co/o3qic9fOX3,77,0.09090909090909091,10,wildenian_thot
Taking a field trip (me + every straight man I‚Äôve ever loved) to the student counseling center,94,0.02127659574468085,3,wildenian_thot
"Fuck it, Gossip Girl",20,0.15,1,wildenian_thot
https://t.co/hiTxe7Zynp https://t.co/GZHlRl3NmG,47,0.1702127659574468,10,wildenian_thot
High Society https://t.co/oTK7a72pjU,36,0.1388888888888889,5,isnascarasport
in bed doing discrete math like if the kth hour didn't matter and the (k+1)th hour didn't matter this proves that everything is meaningless,139,0.0,5,thetalkingjed
I heard that Bernie Sanders has a six pack... I heard that Bernie Sanders is shredded... https://t.co/DN0tZWAcL5,112,0.10714285714285714,11,wildenian_thot
kiss me thru the fish tube,26,0.0,0,thetalkingjed
This decade ending got people acting like they just learned how to count by tens ... https://t.co/1dabCwNozt,108,0.027777777777777776,8,wildenian_thot
I thought you were my FBI man. Turns out you were just an FBI boy.,66,0.12121212121212122,2,thetalkingjed
Fuck it!  It‚Äôs my birthday and I‚Äôll watch the saddest movie I‚Äôve ever seen by myself and cry,92,0.043478260869565216,1,wildenian_thot
a poem. https://t.co/FVCQnIkGv9,31,0.1935483870967742,6,thetalkingjed
https://t.co/GVMWjJSDl5,23,0.30434782608695654,5,isnascarasport
"I need every bad bitch up in equafax,  I need to know right now if you got hacked or not",88,0.022727272727272728,1,isnascarasport
Megamind was underappreciated in it's time,42,0.023809523809523808,1,isnascarasport
the ukulele is the saddest instrument cause you were just too depressed to commit to learning guitar,100,0.0,0,thetalkingjed
Love those Auburn sunsets https://t.co/nRPYc2Lvq6,49,0.12244897959183673,5,isnascarasport
"what if I just texted you ""ü•∫"" ? would you get me? would you understand? asking for a friend",91,0.01098901098901099,5,thetalkingjed
Did Snapchat just decide to rerelease the first season of Kappa Crypto like I personally wouldn‚Äôt notice?,105,0.047619047619047616,1,wildenian_thot
Last night at like 3 the power went off about a minute while I was in the shower and when I came out all the lamps in my house had been turned on. Is this how a horror movie starts ?,182,0.02197802197802198,2,isnascarasport
NO CAKE FOR HOMOPHOBES üéÇüö´ king content @The_TylerWard https://t.co/T9Gf5qK7qH,77,0.33766233766233766,7,thetalkingjed
The worst part about the new terminator is that im probably gonna go see it,75,0.013333333333333334,0,isnascarasport
.@WatchMojo let me do top 10 serif fonts,40,0.05,2,isnascarasport
I wrote a short memoir and I want to send it to my mother because I think it would be the only adequate way to express my feelings about childhood without breaking down but I don‚Äôt know if I should aghhhhhhh,207,0.024154589371980676,0,wildenian_thot
I wish liking a message was an acceptable end to a conversation irl so I could just give a thumbs up and disappear from any social circumstance,143,0.013986013986013986,0,thetalkingjed
Being in bed for 21 of the 24 hours in a day &gt;&gt;,53,0.018867924528301886,4,wildenian_thot
"when they (üë±üèª‚Äç‚ôÇÔ∏èüë±üèªüë±üèª‚Äç‚ôÄÔ∏è) start talking to me about politics I hit em with that ""when's the last time you washed your hands""",123,0.008130081300813009,5,thetalkingjed
but bernie will turn the car around and talk to the scary manager for me when I open my meal and I only have nine mcnuggets instead of ten. he will chain himself to a chair in the middle of the store if they don't run me my nuggets. he will turn all their customers away to wendys https://t.co/1UeGVr567Y,304,0.019736842105263157,8,thetalkingjed
"Crying in the chipotle parking lot is a vibe, officer, and I demand you leave me be",83,0.024096385542168676,2,wildenian_thot
Girls and Gays I need your strength tonight please help me,58,0.05172413793103448,0,wildenian_thot
Can y‚Äôall imagine dying in an MRI scanner,41,0.0975609756097561,0,wildenian_thot
frank ü•∫ https://t.co/o0LNnlUi6r https://t.co/NSTEM9XFzv,55,0.18181818181818182,10,thetalkingjed
"this thread right here üëáüèø words matter. use them to spread love, not give rise to division and violence https://t.co/WZMwv7C6dT",127,0.03937007874015748,7,thetalkingjed
https://t.co/Kx52Lb6pjF,23,0.13043478260869565,5,isnascarasport
A shot of Malibu or da mixed drink for tonight,46,0.043478260869565216,0,wildenian_thot
"I'll download a font, I don't even care",39,0.05128205128205128,3,isnascarasport
Wigwam Weekend Tonight @ 7 On https://t.co/wuHZx1TNYk or 91.1 FM https://t.co/giK7fQGPRK,88,0.19318181818181818,12,isnascarasport
Keanu Reeves is the coolest,27,0.07407407407407407,0,isnascarasport
"just turned my phone volume up for the first time in three years, turns out liking/unliking tweets makes a fun little pop pop pop pop pop I have a zoom in seven minutes f",170,0.0058823529411764705,2,thetalkingjed
Wigwam Weekend tonight at 7. Wegl 91.1 FM or https://t.co/McqivsIG9z https://t.co/PJ4MUt6roS,92,0.14130434782608695,12,isnascarasport
Yes I am hammocking while it‚Äôs 50¬∞ out,38,0.05263157894736842,0,wildenian_thot
what if i could take normal notes https://t.co/gjmFHqhH5o,57,0.05263157894736842,5,thetalkingjed
Is there indie county music like there is indie rock? Is there some really obscure sub-genre of country that's good? Is the only reason people are turned off of country music because the top 40's are garbage just like pop music?,228,0.013157894736842105,6,isnascarasport
https://t.co/cAx0ue2cKH,23,0.13043478260869565,5,isnascarasport
A guy in the little ceasers just asked me what brand my shoes were https://t.co/MxbOygoF3c,90,0.044444444444444446,5,isnascarasport
War Eagle,9,0.2222222222222222,0,isnascarasport
My new years resolution is I want pasta for dinner tomorrow,59,0.03389830508474576,0,isnascarasport
Big shout outs to Karen and Barbara for liking my NPR name tweet https://t.co/ebam2KkRcq,88,0.09090909090909091,5,isnascarasport
"me, about to go to bed: @IsNascarASport, midnight on WEGL 91.1 FM: https://t.co/btroMU3M1Q",90,0.15555555555555556,11,thetalkingjed
Pull up in that terry cloth polo,32,0.03125,0,isnascarasport
Whoever is handing out gifts up there really gave me an advantage when they made me good at guessing. Underappreciated power,124,0.016129032258064516,1,wildenian_thot
No one talk to me I‚Äôve drank three gallons on apple cider in the past two days,78,0.02564102564102564,0,wildenian_thot
I love settling into bed to start my night üòå who else got big plans to just be awake for no reason??,100,0.01,2,thetalkingjed
My new years resolution is to get a really good taco and put it in a Doritos locos taco shell to make the ultimate Doritos locos taco,133,0.022556390977443608,0,isnascarasport
Instead of going to class I got a coffee and stared at a brick wall for an hour üíÖüèºüíÖüèº,84,0.023809523809523808,0,wildenian_thot
How much does a police badge go for at pawn shops these days,60,0.016666666666666666,0,isnascarasport
women in suits 2020,19,0.0,0,thetalkingjed
How come waking up is consistently the hardest thing ever Alexa play bring me to life,85,0.023529411764705882,0,wildenian_thot
"some of us didn't even wanna wake up today, Sean https://t.co/sKKMqdCJqk",72,0.08333333333333333,7,thetalkingjed
How do I ethically stream doja cat,34,0.058823529411764705,0,wildenian_thot
Seven pages of a memoir and not one mention of me being a homosexual? Guess I‚Äôm busy talking about other stuff https://t.co/l8Qqepxn27,134,0.029850746268656716,6,wildenian_thot
https://t.co/acryshmjvP,23,0.043478260869565216,5,isnascarasport
this is real bc one time I played indoor soccer with my friends and I was radiant for like two days https://t.co/7uO2p8vw17,123,0.024390243902439025,5,thetalkingjed
The Grinch is a tragedy,23,0.08695652173913043,0,isnascarasport
"Just opened the canvas app for the first time in two days, saw that I have seven assignments due in the next five hours and I have not started any of them.    I am going to bed  AMA about online classes @ Auburn",211,0.037914691943127965,3,wildenian_thot
I wish Netflix would stop replacing their catalog with stuff they made. Every time I try and find a movie they don't have it and they recommend me 8 things that they made that aren't related. IDK this is a dumb problem,218,0.03211009174311927,4,isnascarasport
let's get a loft together and start a sword collection,54,0.0,1,thetalkingjed
"Instead of using LGBT+ (or lgbtqia or lgbtq+ or lgbti+ or any other endless stream of letters) use the much easier to say and more inclusive term GSRM (Gender, Sexual, And Romantic Minorities).  Bonus: It‚Äôll stop the straights from saying ‚Äúlgbtqiazxc+ or whatever‚Äù all the time https://t.co/bZzmVeANBk",301,0.06976744186046512,17,wildenian_thot
Don't tell anyone but I'm bout to sneak a whole load of pumpkin bread on this airplane,86,0.023255813953488372,2,isnascarasport
"My family does this shit and I‚Äôm just BEGGING them to shower, I promise that hot tub isn‚Äôt cleaning you I- https://t.co/wL95oDQPKa",130,0.12307692307692308,7,wildenian_thot
Deactivating this account :/ tired of being publicly owned,58,0.017241379310344827,2,wildenian_thot
"whenever I walk back into the counseling lobby after a session and the people waiting glance up at me I feel like I should make some horrendous joke like ""phew-wee, you do NOT wanna go in there""",194,0.030927835051546393,4,thetalkingjed
I've already got Goosebumps #WarEagle https://t.co/Brj6Y8ZKSm,61,0.14754098360655737,7,isnascarasport
maybe I should stop listening to cellophane by fka twigs maybe then things would be ok,86,0.011627906976744186,0,thetalkingjed
"lgbtq+ is when you beat lgbtq and you get to redo the campaign but with all the power-ups you earned, like self-confidence and wearing what you want",148,0.0,4,thetalkingjed
Put away your cotton candy vape,31,0.03225806451612903,0,isnascarasport
"My suitemate was taking one of his infamous 3-hour showers and the lobby bathroom was taken, so ya boi walked all the way to the student center to piss God I hope this is relatable please let this be relatable",209,0.014354066985645933,2,wildenian_thot
"My brain, after two drinks, thinking about every bad thing I‚Äôve ever done: https://t.co/jwqhtJW7v1",98,0.04081632653061224,8,wildenian_thot
Having unlimited access to Call Me By Your Name and Perks of Being a Wallflower is akin to having two infity stones to my Eternal Sadness,137,0.08029197080291971,0,wildenian_thot
Just spent two hours designing clothes in AC,44,0.06818181818181818,0,wildenian_thot
"me drawing 95% of a person: haha art is fun!  me drawing feet: ... I am a disgrace to all those before me, my fingers should be severed, lest I bring into this world another harsh bastardization of the human form, clearly these oafish hands were meant for naught but destruction,",279,0.007168458781362007,11,thetalkingjed
Listened to Ricky eat acid and didn't leave my house all day. The vibes going crazy rn,86,0.03488372093023256,2,isnascarasport
Rip hella sketchy,17,0.058823529411764705,0,isnascarasport
is it too late to cash in all my AR points,42,0.047619047619047616,0,thetalkingjed
Has anyone made an edit of bans where he just says take off your pants pants pants pants for 3 minutes,102,0.00980392156862745,0,isnascarasport
https://t.co/R2sy14RrBw,23,0.13043478260869565,5,isnascarasport
this account is about to become something awful fair warning,60,0.0,0,thetalkingjed
"When Lindsey Jordan said ‚Äúim feeling low, I‚Äôm not into sometimes‚Äù &gt;&gt;&gt;",78,0.05128205128205128,7,wildenian_thot
"Anyway, stream and stan @kittaveli a true icon and unproblematique queen üëëüíõ happy Valentine‚Äôs Day y‚Äôall",103,0.02912621359223301,2,wildenian_thot
Character development https://t.co/hbP9urFDr2,45,0.08888888888888889,5,wildenian_thot
"my favorite game is ""diversity"" panel bingo, spaces include: - I'm not [insert identity here] BUT... - diversity is hard  - I don't care if you're purple  - e q u a l i t y - story about a black guy I knew - caucasian stammering",228,0.02631578947368421,18,thetalkingjed
I love talking to my grandma she always makes me very happy,59,0.01694915254237288,0,wildenian_thot
Distributing music via Doritos bags. This is the good future. https://t.co/KVE5HiDE4D,85,0.11764705882352941,7,isnascarasport
"I absolutely shouldn‚Äôt love Wardwell on Sabrina as much as I do, but she‚Äôs an Icon... a Wonder... I stan so hard",112,0.0625,7,wildenian_thot
if you see me fall down an entire flight of stairs do not approach. no I am not okay. no I do not need help. I'm where I need to be,131,0.030534351145038167,4,thetalkingjed
"the instant I touch a ukulele I become depressed, it's never failed",67,0.029850746268656716,2,thetalkingjed
I hope when I die I hear the music from the smash victory screen,64,0.046875,0,thetalkingjed
"day 99 of not losing this chapstick: paranoia has become my guide. I cannot dwell on the current successes, lest I lose what I have worked so hard to preserve. everyone I encounter is my enemy. my lips are beautiful and strong. I am afraid",239,0.02092050209205021,6,thetalkingjed
Kicked me out of his home at 10:30 pm but still tweeting about CFA at 2 am... mental illness luv https://t.co/dOeUqTDI6O,120,0.08333333333333333,9,wildenian_thot
God is a teenaged boy whose parents are getting a divorce and I‚Äôm just a piece of drywall,89,0.02247191011235955,0,wildenian_thot
"~ overheard at work ~ me: what're you building there child: a noob stick to whack noobs with me: ...oh, we don't wanna do that child: (breathing frantically) yes. yes we do",172,0.0,15,thetalkingjed
If punk is not dead then how do you explain the 5 Chick fil as in auburn,72,0.027777777777777776,0,isnascarasport
I want to watch the 5 hour movie,32,0.03125,0,isnascarasport
internal monologue? oh you mean like the tiny rat in my head taking bites out of punch cards and feeding them into my brain?,124,0.0,2,thetalkingjed
feeling like a toilet with some clorox wipes flushed down me,60,0.0,0,thetalkingjed
"Good morning,  I hope this email finds you unrecognizable and in a ditch!",73,0.0273972602739726,2,thetalkingjed
This heated blanket is the only thing keeping me sane,53,0.018867924528301886,0,wildenian_thot
Beef.asm,8,0.125,1,isnascarasport
How many emo songs are ethically allowed to be added to an open workout playlist,80,0.0125,0,isnascarasport
no one in hollywood can frown like florence pugh,48,0.0,0,thetalkingjed
what a time to wish to not be alive,35,0.0,0,thetalkingjed
The MCU walked so the GCU (Godzilla Cinematic Universe) could run,65,0.15384615384615385,2,isnascarasport
